{
  "Kubernetes": ["k8s", "kube", "gke", "eks", "aks"],
  "JavaScript": ["js", "javascript", "ecmascript", "es6", "es2015"],
  "TypeScript": ["ts", "typescript"],
  "React": ["reactjs", "react.js"],
  "Angular": ["angularjs", "angular.js"],
  "Vue": ["vuejs", "vue.js"],
  "Node.js": ["nodejs", "node"],
  "PostgreSQL": ["postgres", "psql", "postgresql"],
  "MySQL": ["mysql", "mariadb"],
  "MongoDB": ["mongo", "mongodb"],
  "Amazon Web Services": ["aws", "amazon web services"],
  "Google Cloud Platform": ["gcp", "google cloud"],
  "Microsoft Azure": ["azure", "microsoft azure"],
  "CI/CD": ["cicd", "continuous integration", "continuous deployment", "continuous delivery"],
  "Machine Learning": ["ml", "machine learning"],
  "Artificial Intelligence": ["ai", "artificial intelligence"],
  "Deep Learning": ["dl", "deep learning", "neural networks"],
  "Natural Language Processing": ["nlp", "natural language processing"],
  "DevOps": ["devops", "dev ops", "development operations"],
  "Microservices": ["micro services", "microservice architecture"],
  "REST": ["rest api", "restful", "restful api"],
  "GraphQL": ["graphql", "graph ql"],
  "Agile": ["agile methodology", "agile development"],
  "Scrum": ["scrum methodology", "scrum framework"],
  "Full Stack": ["fullstack", "full-stack"],
  "Front End": ["frontend", "front-end", "client side", "client-side"],
  "Back End": ["backend", "back-end", "server side", "server-side"],
  "Database": ["db", "databases"],
  "Version Control": ["vcs", "source control"],
  "Git": ["github", "gitlab", "bitbucket"],
  "Testing": ["test", "tests", "qa", "quality assurance"],
  "Unit Testing": ["unit tests", "unit test"],
  "Integration Testing": ["integration tests", "integration test"],
  "End-to-End Testing": ["e2e", "e2e testing", "end to end"],
  "User Interface": ["ui", "user interface"],
  "User Experience": ["ux", "user experience"],
  "UI/UX": ["ui ux", "uiux", "user interface/experience"],
  "API": ["apis", "application programming interface"],
  "SDK": ["sdks", "software development kit"],
  "IDE": ["ides", "integrated development environment"],
  "Operating System": ["os", "operating systems"],
  "Linux": ["unix", "ubuntu", "debian", "centos", "rhel"],
  "Windows": ["windows server", "microsoft windows"],
  "macOS": ["mac os", "osx", "os x"],
  "Mobile": ["mobile development", "mobile apps"],
  "iOS": ["iphone", "ipad", "apple ios"],
  "Android": ["android development", "google android"],
  "Responsive": ["responsive design", "responsive web design", "rwd"],
  "Cloud": ["cloud computing", "cloud infrastructure"],
  "Container": ["containers", "containerization"],
  "Docker": ["docker container", "dockerfile"],
  "Orchestration": ["container orchestration", "orchestrator"],
  "Infrastructure as Code": ["iac", "infrastructure as code"],
  "Configuration Management": ["config management", "configuration mgmt"],
  "Monitoring": ["monitoring and alerting", "observability"],
  "Logging": ["logs", "log aggregation"],
  "Security": ["cybersecurity", "infosec", "information security"],
  "Authentication": ["auth", "authn"],
  "Authorization": ["authz", "access control"],
  "Encryption": ["crypto", "cryptography"],
  "Load Balancing": ["load balancer", "lb"],
  "Caching": ["cache", "caching layer"],
  "Message Queue": ["message queuing", "mq", "messaging"],
  "Event Driven": ["event-driven", "event based"],
  "Serverless": ["server-less", "faas", "function as a service"],
  "Big Data": ["bigdata", "large scale data"],
  "Data Science": ["datascience", "data scientist"],
  "Business Intelligence": ["bi", "business intelligence"],
  "Data Warehouse": ["datawarehouse", "dwh", "data warehousing"],
  "ETL": ["extract transform load", "data pipeline"],
  "Analytics": ["data analytics", "analytical"],
  "Visualization": ["data visualization", "dataviz", "data viz"],
  "Dashboard": ["dashboards", "reporting dashboard"],
  "Metrics": ["kpi", "key performance indicators"],
  "Performance": ["performance optimization", "perf"],
  "Scalability": ["scalable", "scaling"],
  "High Availability": ["ha", "highly available"],
  "Disaster Recovery": ["dr", "backup and recovery"],
  "Compliance": ["regulatory compliance", "compliance requirements"],
  "GDPR": ["general data protection regulation"],
  "HIPAA": ["health insurance portability and accountability act"],
  "SOC2": ["soc 2", "soc ii"],
  "PCI": ["pci dss", "payment card industry"],
  "Open Source": ["opensource", "oss"],
  "Proprietary": ["closed source", "commercial software"],
  "SaaS": ["software as a service", "software-as-a-service"],
  "PaaS": ["platform as a service", "platform-as-a-service"],
  "IaaS": ["infrastructure as a service", "infrastructure-as-a-service"]
}